#"Step","Potential Energy (kJ/mole)","Temperature (K)","Speed (ns/day)"
100,-322269.5908203125,56.86843513349928,0
200,-315583.998046875,101.07995154527596,255
300,-310309.6689453125,141.04853510073718,275
400,-305569.1904296875,169.70052329554207,277
500,-301689.935546875,194.66184133998954,281
