#"Step","Potential Energy (kJ/mole)","Temperature (K)","Speed (ns/day)"
100,-322628.1953125,57.09701807858318,0
200,-315850.5859375,102.31727592357456,263
300,-310089.990234375,137.74226038722594,271
400,-305564.8408203125,169.10240265438884,267
500,-301289.87890625,193.97300553512818,270
