#"Step","Potential Energy (kJ/mole)","Temperature (K)","Speed (ns/day)"
100,-4764.264960177243,55.948064605713846,0
200,-4617.731535881758,110.85235963957699,1.12e+03
300,-4474.59174901247,129.51667566673356,1.12e+03
400,-4393.838276460767,159.61595155728185,1.13e+03
500,-4340.756900936365,201.46638995756703,1.13e+03
